{
  "Basic Request": {
    "average": 0.00019669532775878906,
    "min": 0.00017213821411132812,
    "max": 0.0003528594970703125,
    "success_rate": 1.0
  },
  "Database Query": {
    "average": 1.0,
    "min": 1.0,
    "max": 1.0,
    "success_rate": 0.0
  }
}