{
  "timestamp": "20250820_063724",
  "configuration": {
    "concurrent_users": 50,
    "operations_per_user": 20,
    "total_operations": 1000
  },
  "results": {
    "success_rate": 57.9,
    "successful_operations": 579,
    "failed_operations": 421,
    "avg_response_time_ms": 304.6808822154999,
    "median_response_time_ms": 150.06041526794434,
    "p95_response_time_ms": 1097.9626178741455,
    "p99_response_time_ms": 1732.2015762329102,
    "operations_per_second": 65.2279822567243
  },
  "errors": []
}