{
  "timestamp": "2025-09-07T07:27:20.801086",
  "num_users": 100,
  "duration": 78.4307370185852,
  "total_requests": 2062,
  "success_rate": 39.33074684772066,
  "response_times": {
    "p50": 2899.433135986328,
    "p90": 3457.564115524292,
    "p95": 3577.5578022003174,
    "p99": 3902.0702838897705,
    "mean": 2661.375338769907,
    "median": 2898.972749710083
  },
  "performance_targets": {
    "sub_50ms_pct": 0.2178649237472767,
    "sub_100ms_pct": 0.3394762366634336
  },
  "endpoint_stats": {
    "/ultra/stats": {
      "count": 415,
      "total_time": 1116465.5303955078,
      "min_time": 122.93577194213867,
      "max_time": 3979.9740314483643,
      "sub_50ms": 0,
      "errors": 0
    },
    "/ultra/lookup": {
      "count": 396,
      "total_time": 1066894.024848938,
      "min_time": 110.68940162658691,
      "max_time": 4023.998022079468,
      "sub_50ms": 0,
      "errors": 0
    },
    "/ultra/batch/scan": {
      "count": 390,
      "total_time": 1014589.8187160492,
      "min_time": 5.016326904296875,
      "max_time": 3969.883441925049,
      "sub_50ms": 1,
      "errors": 390
    },
    "/ultra/scan/child": {
      "count": 402,
      "total_time": 1060213.0846977234,
      "min_time": 3.529787063598633,
      "max_time": 3996.047258377075,
      "sub_50ms": 2,
      "errors": 402
    },
    "/ultra/scan/parent": {
      "count": 459,
      "total_time": 1229593.4898853302,
      "min_time": 31.883716583251953,
      "max_time": 3960.9646797180176,
      "sub_50ms": 1,
      "errors": 459
    }
  }
}